{
    "foreground_intensity_properties_per_channel": {
        "0": {
            "max": 166.00692749023438,
            "mean": 93.82862854003906,
            "median": 98.19132232666016,
            "min": 1.0409830808639526,
            "percentile_00_5": 52.173828125,
            "percentile_99_5": 105.61139678955078,
            "std": 10.065444946289062
        },
        "1": {
            "max": 114.52489471435547,
            "mean": 91.6470718383789,
            "median": 96.5392074584961,
            "min": 1.000115990638733,
            "percentile_00_5": 18.539852142333984,
            "percentile_99_5": 105.64462280273438,
            "std": 12.845990180969238
        }
    },
    "median_relative_size_after_cropping": 1.0,
    "shapes_after_crop": [
        [
            182,
            218,
            182
        ],
        [
            182,
            218,
            182
        ],
        [
            182,
            218,
            182
        ],
        [
            182,
            218,
            182
        ],
        [
            182,
            218,
            182
        ],
        [
            182,
            218,
            182
        ],
        [
            182,
            218,
            182
        ],
        [
            182,
            218,
            182
        ],
        [
            182,
            218,
            182
        ],
        [
            182,
            218,
            182
        ],
        [
            182,
            218,
            182
        ],
        [
            182,
            218,
            182
        ],
        [
            182,
            218,
            182
        ],
        [
            182,
            218,
            182
        ],
        [
            182,
            218,
            182
        ],
        [
            182,
            218,
            182
        ],
        [
            182,
            218,
            182
        ],
        [
            182,
            218,
            182
        ],
        [
            182,
            218,
            182
        ],
        [
            182,
            218,
            182
        ],
        [
            182,
            218,
            182
        ],
        [
            182,
            218,
            182
        ],
        [
            182,
            218,
            182
        ],
        [
            182,
            218,
            182
        ],
        [
            182,
            218,
            182
        ],
        [
            182,
            218,
            182
        ],
        [
            182,
            218,
            182
        ],
        [
            182,
            218,
            182
        ],
        [
            182,
            218,
            182
        ],
        [
            182,
            218,
            182
        ],
        [
            182,
            218,
            182
        ],
        [
            182,
            218,
            182
        ],
        [
            182,
            218,
            182
        ],
        [
            182,
            218,
            182
        ],
        [
            182,
            218,
            182
        ],
        [
            182,
            218,
            182
        ],
        [
            182,
            218,
            182
        ],
        [
            182,
            218,
            182
        ],
        [
            182,
            218,
            182
        ],
        [
            182,
            218,
            182
        ],
        [
            182,
            218,
            182
        ],
        [
            182,
            218,
            182
        ],
        [
            182,
            218,
            182
        ],
        [
            182,
            218,
            182
        ],
        [
            182,
            218,
            182
        ],
        [
            182,
            218,
            182
        ],
        [
            182,
            218,
            182
        ],
        [
            182,
            218,
            182
        ],
        [
            182,
            218,
            182
        ],
        [
            182,
            218,
            182
        ],
        [
            182,
            218,
            182
        ],
        [
            182,
            218,
            182
        ],
        [
            182,
            218,
            182
        ],
        [
            182,
            218,
            182
        ],
        [
            182,
            218,
            182
        ],
        [
            182,
            218,
            182
        ],
        [
            182,
            218,
            182
        ],
        [
            182,
            218,
            182
        ],
        [
            182,
            218,
            182
        ],
        [
            182,
            218,
            182
        ],
        [
            182,
            218,
            182
        ],
        [
            182,
            218,
            182
        ],
        [
            182,
            218,
            182
        ],
        [
            182,
            218,
            182
        ],
        [
            182,
            218,
            182
        ],
        [
            182,
            218,
            182
        ],
        [
            182,
            218,
            182
        ],
        [
            182,
            218,
            182
        ],
        [
            182,
            218,
            182
        ],
        [
            182,
            218,
            182
        ],
        [
            182,
            218,
            182
        ],
        [
            182,
            218,
            182
        ],
        [
            182,
            218,
            182
        ],
        [
            182,
            218,
            182
        ],
        [
            182,
            218,
            182
        ],
        [
            182,
            218,
            182
        ],
        [
            182,
            218,
            182
        ],
        [
            182,
            218,
            182
        ],
        [
            182,
            218,
            182
        ],
        [
            182,
            218,
            182
        ],
        [
            182,
            218,
            182
        ]
    ],