{
    "input_folder": {
        "foreground_mean": {
            "Dice": 0.3587863685529412,
            "FN": 1382.8086419753085,
            "FP": 1359.7530864197531,
            "IoU": 0.28481934323852853,
            "TN": 7213508.685185185,
            "TP": 4780.753086419753,
            "n_pred": 6140.506172839506,
            "n_ref": 6163.561728395061
        },
        "mean": {
            "1": {
                "Dice": 0.7175727371058824,
                "FN": 2580.814814814815,
                "FP": 2719.5061728395062,
                "IoU": 0.5696386864770571,
                "TN": 7206170.1728395065,
                "TP": 9561.506172839507,
                "n_pred": 12281.012345679012,
                "n_ref": 12142.32098765432
            },
            "2": {
                "Dice": 0.0,
                "FN": 184.80246913580248,
                "FP": 0.0,
                "IoU": 0.0,
                "TN": 7220847.197530864,
                "TP": 0.0,
                "n_pred": 0.0,
                "n_ref": 184.80246913580248
            }
        }
    },
    "postprocessed": {
        "foreground_mean": {
            "Dice": 0.3587863685529412,
            "FN": 1382.8086419753085,
            "FP": 1359.7530864197531,
            "IoU": 0.28481934323852853,
            "TN": 7213508.685185185,
            "TP": 4780.753086419753,
            "n_pred": 6140.506172839506,
            "n_ref": 6163.561728395061
        },
        "mean": {
            "1": {
                "Dice": 0.7175727371058824,
                "FN": 2580.814814814815,
                "FP": 2719.5061728395062,
                "IoU": 0.5696386864770571,
                "TN": 7206170.1728395065,
                "TP": 9561.506172839507,
                "n_pred": 12281.012345679012,
                "n_ref": 12142.32098765432
            },
            "2": {
                "Dice": 0.0,
                "FN": 184.80246913580248,
                "FP": 0.0,
                "IoU": 0.0,
                "TN": 7220847.197530864,
                "TP": 0.0,
                "n_pred": 0.0,
                "n_ref": 184.80246913580248
            }
        }
    },
    "postprocessing_fns": [],
    "postprocessing_kwargs": []
}