{
    "input_folder": {
        "foreground_mean": {
            "Dice": 0.4703217054299495,
            "FN": 1498.0493827160494,
            "FP": 1326.5740740740741,
            "IoU": 0.3658007786557921,
            "TN": 7213541.864197531,
            "TP": 4665.5123456790125,
            "n_pred": 5992.086419753086,
            "n_ref": 6163.561728395061
        },
        "mean": {
            "1": {
                "Dice": 0.7046123721458848,
                "FN": 2842.864197530864,
                "FP": 2635.098765432099,
                "IoU": 0.5550780880368626,
                "TN": 7206254.580246913,
                "TP": 9299.456790123457,
                "n_pred": 11934.555555555555,
                "n_ref": 12142.32098765432
            },
            "2": {
                "Dice": 0.2360310387140142,
                "FN": 153.23456790123456,
                "FP": 18.049382716049383,
                "IoU": 0.17652346927472146,
                "TN": 7220829.148148148,
                "TP": 31.567901234567902,
                "n_pred": 49.617283950617285,
                "n_ref": 184.80246913580248
            }
        }
    },
    "postprocessed": {
        "foreground_mean": {
            "Dice": 0.4703217054299495,
            "FN": 1498.0493827160494,
            "FP": 1326.5740740740741,
            "IoU": 0.3658007786557921,
            "TN": 7213541.864197531,
            "TP": 4665.5123456790125,
            "n_pred": 5992.086419753086,
            "n_ref": 6163.561728395061
        },
        "mean": {
            "1": {
                "Dice": 0.7046123721458848,
                "FN": 2842.864197530864,
                "FP": 2635.098765432099,
                "IoU": 0.5550780880368626,
                "TN": 7206254.580246913,
                "TP": 9299.456790123457,
                "n_pred": 11934.555555555555,
                "n_ref": 12142.32098765432
            },
            "2": {
                "Dice": 0.2360310387140142,
                "FN": 153.23456790123456,
                "FP": 18.049382716049383,
                "IoU": 0.17652346927472146,
                "TN": 7220829.148148148,
                "TP": 31.567901234567902,
                "n_pred": 49.617283950617285,
                "n_ref": 184.80246913580248
            }
        }
    },
    "postprocessing_fns": [],
    "postprocessing_kwargs": []
}