{
    "input_folder": {
        "foreground_mean": {
            "Dice": 0.5977276851665221,
            "FN": 751.7283950617284,
            "FP": 2850.820987654321,
            "IoU": 0.47340127419075906,
            "TN": 7212017.617283951,
            "TP": 5411.833333333333,
            "n_pred": 8262.654320987653,
            "n_ref": 6163.561728395061
        },
        "mean": {
            "1": {
                "Dice": 0.6982842839089727,
                "FN": 1412.1358024691358,
                "FP": 5683.0123456790125,
                "IoU": 0.5460443963972782,
                "TN": 7203206.666666667,
                "TP": 10730.185185185184,
                "n_pred": 16413.197530864196,
                "n_ref": 12142.32098765432
            },
            "2": {
                "Dice": 0.49717108642407154,
                "FN": 91.32098765432099,
                "FP": 18.62962962962963,
                "IoU": 0.4007581519842399,
                "TN": 7220828.567901234,
                "TP": 93.48148148148148,
                "n_pred": 112.11111111111111,
                "n_ref": 184.80246913580248
            }
        }
    },
    "postprocessed": {
        "foreground_mean": {
            "Dice": 0.5977276851665221,
            "FN": 751.7283950617284,
            "FP": 2850.820987654321,
            "IoU": 0.47340127419075906,
            "TN": 7212017.617283951,
            "TP": 5411.833333333333,
            "n_pred": 8262.654320987653,
            "n_ref": 6163.561728395061
        },
        "mean": {
            "1": {
                "Dice": 0.6982842839089727,
                "FN": 1412.1358024691358,
                "FP": 5683.0123456790125,
                "IoU": 0.5460443963972782,
                "TN": 7203206.666666667,
                "TP": 10730.185185185184,
                "n_pred": 16413.197530864196,
                "n_ref": 12142.32098765432
            },
            "2": {
                "Dice": 0.49717108642407154,
                "FN": 91.32098765432099,
                "FP": 18.62962962962963,
                "IoU": 0.4007581519842399,
                "TN": 7220828.567901234,
                "TP": 93.48148148148148,
                "n_pred": 112.11111111111111,
                "n_ref": 184.80246913580248
            }
        }
    },
    "postprocessing_fns": [],
    "postprocessing_kwargs": []
}