{
    "input_folder": {
        "foreground_mean": {
            "Dice": 0.5456808985376359,
            "FN": 1274.3086419753085,
            "FP": 1976.388888888889,
            "IoU": 0.4263435037935041,
            "TN": 7212892.049382716,
            "TP": 4889.253086419753,
            "n_pred": 6865.641975308642,
            "n_ref": 6163.561728395061
        },
        "mean": {
            "1": {
                "Dice": 0.6936418765050784,
                "FN": 2456.6296296296296,
                "FP": 3922.5308641975307,
                "IoU": 0.5415096147199869,
                "TN": 7204967.148148148,
                "TP": 9685.691358024691,
                "n_pred": 13608.222222222223,
                "n_ref": 12142.32098765432
            },
            "2": {
                "Dice": 0.3977199205701935,
                "FN": 91.98765432098766,
                "FP": 30.246913580246915,
                "IoU": 0.3111773928670213,
                "TN": 7220816.950617284,
                "TP": 92.81481481481481,
                "n_pred": 123.06172839506173,
                "n_ref": 184.80246913580248
            }
        }
    },
    "postprocessed": {
        "foreground_mean": {
            "Dice": 0.5456808985376359,
            "FN": 1274.3086419753085,
            "FP": 1976.388888888889,
            "IoU": 0.4263435037935041,
            "TN": 7212892.049382716,
            "TP": 4889.253086419753,
            "n_pred": 6865.641975308642,
            "n_ref": 6163.561728395061
        },
        "mean": {
            "1": {
                "Dice": 0.6936418765050784,
                "FN": 2456.6296296296296,
                "FP": 3922.5308641975307,
                "IoU": 0.5415096147199869,
                "TN": 7204967.148148148,
                "TP": 9685.691358024691,
                "n_pred": 13608.222222222223,
                "n_ref": 12142.32098765432
            },
            "2": {
                "Dice": 0.3977199205701935,
                "FN": 91.98765432098766,
                "FP": 30.246913580246915,
                "IoU": 0.3111773928670213,
                "TN": 7220816.950617284,
                "TP": 92.81481481481481,
                "n_pred": 123.06172839506173,
                "n_ref": 184.80246913580248
            }
        }
    },
    "postprocessing_fns": [],
    "postprocessing_kwargs": []
}