{
    "foreground_intensity_properties_per_channel": {
        "0": {
            "max": 166.00692749023438,
            "mean": 93.88262939453125,
            "median": 98.3248291015625,
            "min": 1.0409830808639526,
            "percentile_00_5": 52.58913040161133,
            "percentile_99_5": 105.6653823852539,
            "std": 10.126373291015625
        },
        "1": {
            "max": 115.15191650390625,
            "mean": 91.93120574951172,
            "median": 96.86658477783203,
            "min": 1.000115990638733,
            "percentile_00_5": 19.58456039428711,
            "percentile_99_5": 105.55791473388672,
            "std": 12.599410057067871
        }
    },
    "median_relative_size_after_cropping": 1.0,
    "shapes_after_crop": [
        [
            182,
            218,
            182
        ],
        [
            182,
            218,
            182
        ],
        [
            182,
            218,
            182
        ],
        [
            182,
            218,
            182
        ],
        [
            182,
            218,
            182
        ],
        [
            182,
            218,
            182
        ],
        [
            182,
            218,
            182
        ],
        [
            182,
            218,
            182
        ],
        [
            182,
            218,
            182
        ],
        [
            182,
            218,
            182
        ],
        [
            182,
            218,
            182
        ],
        [
            182,
            218,
            182
        ],
        [
            182,
            218,
            182
        ],
        [
            182,
            218,
            182
        ],
        [
            182,
            218,
            182
        ],
        [
            182,
            218,
            182
        ],
        [
            182,
            218,
            182
        ],
        [
            182,
            218,
            182
        ],
        [
            182,
            218,
            182
        ],
        [
            182,
            218,
            182
        ],
        [
            182,
            218,
            182
        ],
        [
            182,
            218,
            182
        ],
        [
            182,
            218,
            182
        ],
        [
            182,
            218,
            182
        ],
        [
            182,
            218,
            182
        ],
        [
            182,
            218,
            182
        ],
        [
            182,
            218,
            182
        ],
        [
            182,
            218,
            182
        ],
        [
            182,
            218,
            182
        ],
        [
            182,
            218,
            182
        ],
        [
            182,
            218,
            182
        ],
        [
            182,
            218,
            182
        ],
        [
            182,
            218,
            182
        ],
        [
            182,
            218,
            182
        ],
        [
            182,
            218,
            182
        ],
        [
            182,
            218,
            182
        ],
        [
            182,
            218,
            182
        ],
        [
            182,
            218,
            182
        ],
        [
            182,
            218,
            182
        ],
        [
            182,
            218,
            182
        ],
        [
            182,
            218,
            182
        ],
        [
            182,
            218,
            182
        ],
        [
            182,
            218,
            182
        ],
        [
            182,
            218,
            182
        ],
        [
            182,
            218,
            182
        ],
        [
            182,
            218,
            182
        ],
        [
            182,
            218,
            182
        ],
        [
            182,
            218,
            182
        ],
        [
            182,
            218,
            182
        ],
        [
            182,
            218,
            182
        ],
        [
            182,
            218,
            182
        ],
        [
            182,
            218,
            182
        ],
        [
            182,
            218,
            182
        ],
        [
            182,
            218,
            182
        ],
        [
            182,
            218,
            182
        ],
        [
            182,
            218,
            182
        ],
        [
            182,
            218,
            182
        ],
        [
            182,
            218,
            182
        ],
        [
            182,
            218,
            182
        ],
        [
            182,
            218,
            182
        ],
        [
            182,
            218,
            182
        ],
        [
            182,
            218,
            182
        ],
        [
            182,
            218,
            182
        ],
        [
            182,
            218,
            182
        ],
        [
            182,
            218,
            182
        ],
        [
            182,
            218,
            182
        ],
        [
            182,
            218,
            182
        ],
        [
            182,
            218,
            182
        ],
        [
            182,
            218,
            182
        ],
        [
            182,
            218,
            182
        ],
        [
            182,
            218,
            182
        ],
        [
            182,
            218,
            182
        ],
        [
            182,
            218,
            182
        ],
        [
            182,
            218,
            182
        ],
        [
            182,
            218,
            182
        ],
        [
            182,
            218,
            182
        ],
        [
            182,
            218,
            182
        ],
        [
            182,
            218,
            182
        ],
        [
            182,
            218,
            182
        ],
        [
            182,
            218,
            182
        ],
        [
            182,
            218,
            182
        ]
    ],